date,symbol,spot,weeklyExpiry,weeklyPCR,weeklyViolation,weeklyEqStrike,monthlyExpiry,monthlyPCR,monthlyViolation,monthlyEqStrike
2026-09-25,NIFTY,23140.5,2026-09-29,1.137,False,,2026-09-29,1.119,False,
2026-09-25,BANKNIFTY,55580.4,,,,,2026-09-29,0.936,False,
2026-09-24,NIFTY,23063.1,2026-09-29,0.909,False,,2026-09-29,0.953,False,
2026-09-24,BANKNIFTY,55438.5,,,,,2026-09-29,0.951,False,
2026-09-23,NIFTY,23446.8,2026-09-29,1.132,False,,2026-09-29,1.093,False,
2026-09-23,BANKNIFTY,56548.9,,,,,2026-09-29,1.008,False,
2026-09-22,NIFTY,23329.0,2026-09-22,1.045,False,,2026-09-29,1.009,False,
2026-09-22,BANKNIFTY,56215.55,,,,,2026-09-29,1.167,False,
2026-09-21,NIFTY,23414.3,2026-09-22,1.307,False,,2026-09-29,1.057,False,
2026-09-21,BANKNIFTY,56470.65,,,,,2026-09-29,1.078,False,
2026-09-18,NIFTY,23346.4,2026-09-22,1.102,False,,2026-09-29,1.081,False,
2026-09-18,BANKNIFTY,56358.7,,,,,2026-09-29,1.071,False,
2026-09-17,NIFTY,23270.6,2026-09-22,0.933,False,,2026-09-29,1.052,False,
2026-09-17,BANKNIFTY,56055.75,,,,,2026-09-29,1.022,False,
2026-09-16,NIFTY,23217.6,2026-09-22,1.263,False,,2026-09-29,1.107,False,
2026-09-16,BANKNIFTY,56292.45,,,,,2026-09-29,0.908,False,
2026-09-15,NIFTY,23118.6,2026-09-15,0.864,False,,2026-09-29,1.102,False,
2026-09-15,BANKNIFTY,55794.75,,,,,2026-09-29,1.015,False,
2026-09-11,NIFTY,23398.1,2026-09-15,1.238,False,,2026-09-29,1.052,False,
2026-09-11,BANKNIFTY,56606.55,,,,,2026-09-29,1.048,False,
2026-09-10,NIFTY,23477.8,2026-09-15,0.792,False,,2026-09-29,1.031,False,
2026-09-10,BANKNIFTY,56471.95,,,,,2026-09-29,0.978,False,
2026-09-09,NIFTY,23431.5,2026-09-15,1.103,False,,2026-09-29,1.059,False,
2026-09-09,BANKNIFTY,56295.55,,,,,2026-09-29,1.057,False,
2026-09-08,NIFTY,23635.1,2026-09-08,0.933,False,,2026-09-29,1.127,False,
2026-09-08,BANKNIFTY,56777.55,,,,,2026-09-29,0.99,False,
2026-09-07,NIFTY,23779.15,2026-09-08,0.597,True,23300,2026-09-29,1.103,False,
2026-09-07,BANKNIFTY,57088.3,,,,,2026-09-29,1.086,False,
2026-09-04,NIFTY,23897.7,2026-09-08,0.987,False,,2026-09-29,1.157,False,
2026-09-04,BANKNIFTY,57369.65,,,,,2026-09-29,0.991,False,
2026-09-03,NIFTY,23873.45,2026-09-08,0.811,False,,2026-09-29,1.168,False,
2026-09-03,BANKNIFTY,57380.6,,,,,2026-09-29,1.007,False,
2026-09-02,NIFTY,23914.45,2026-09-08,0.946,False,,2026-09-29,1.179,False,
2026-09-02,BANKNIFTY,57172.0,,,,,2026-09-29,1.178,False,
2026-09-01,NIFTY,24055.8,2026-09-01,0.781,False,,2026-09-29,1.198,False,
2026-09-01,BANKNIFTY,57409.6,,,,,2026-09-29,1.07,False,
2026-08-31,NIFTY,24080.4,2026-09-01,0.866,False,,2026-09-29,1.21,False,
2026-08-31,BANKNIFTY,58024.95,,,,,2026-09-29,0.957,False,
2026-08-28,NIFTY,24175.65,2026-09-01,0.832,False,,2026-09-29,1.2,False,
2026-08-28,BANKNIFTY,57496.3,,,,,2026-09-29,1.115,False,
2026-08-27,NIFTY,24090.85,2026-09-01,0.785,False,,2026-09-29,1.203,False,
2026-08-27,BANKNIFTY,57509.95,,,,,2026-09-29,1.093,False,
2026-08-26,NIFTY,24207.75,2026-09-01,0.898,False,,2026-09-29,1.226,False,
2026-08-26,BANKNIFTY,57783.75,,,,,2026-09-29,0.977,False,
2026-08-25,NIFTY,24334.55,2026-08-25,1.201,False,,2026-08-25,1.015,False,
2026-08-25,BANKNIFTY,57514.2,,,,,2026-08-25,0.76,False,
2026-08-24,NIFTY,24219.05,2026-08-25,0.735,False,,2026-08-25,0.922,False,
2026-08-24,BANKNIFTY,57525.95,,,,,2026-08-25,0.652,True,55500
2026-08-21,NIFTY,24252.0,2026-08-25,0.958,False,,2026-08-25,1.222,False,
2026-08-21,BANKNIFTY,57761.95,,,,,2026-08-25,0.702,False,
2026-08-20,NIFTY,24231.85,2026-08-25,1.157,False,,2026-08-25,1.166,False,
2026-08-20,BANKNIFTY,57495.9,,,,,2026-08-25,0.757,False,
2026-08-19,NIFTY,24078.3,2026-08-25,0.861,False,,2026-08-25,0.859,False,
2026-08-19,BANKNIFTY,57239.75,,,,,2026-08-25,0.802,False,
2026-08-18,NIFTY,24154.9,2026-08-18,0.659,True,23700,2026-08-25,0.893,False,
2026-08-18,BANKNIFTY,57262.4,,,,,2026-08-25,0.627,True,57000
2026-08-17,NIFTY,24287.65,2026-08-18,1.06,False,,2026-08-25,0.992,False,
2026-08-17,BANKNIFTY,57497.8,,,,,2026-08-25,0.757,False,
2026-08-14,NIFTY,24366.0,2026-08-18,0.902,False,,2026-08-25,1.01,False,
2026-08-14,BANKNIFTY,57491.1,,,,,2026-08-25,0.721,False,
2026-08-13,NIFTY,24395.85,2026-08-18,0.867,False,,2026-08-25,1.013,False,
2026-08-13,BANKNIFTY,57635.25,,,,,2026-08-25,0.774,False,
2026-08-12,NIFTY,24435.95,2026-08-18,0.877,False,,2026-08-25,1.047,False,
2026-08-12,BANKNIFTY,57885.85,,,,,2026-08-25,0.701,False,
2026-08-11,NIFTY,24471.7,2026-08-11,0.689,True,24100,2026-08-25,1.065,False,
2026-08-11,BANKNIFTY,57446.25,,,,,2026-08-25,0.729,False,
2026-08-10,NIFTY,24583.8,2026-08-11,0.74,False,,2026-08-25,1.134,False,
2026-08-10,BANKNIFTY,57686.95,,,,,2026-08-25,0.782,False,
2026-08-07,NIFTY,24570.65,2026-08-11,0.645,True,24500,2026-08-25,1.109,False,
2026-08-07,BANKNIFTY,57746.45,,,,,2026-08-25,0.81,False,
2026-08-06,NIFTY,24636.0,2026-08-11,0.873,False,,2026-08-25,1.153,False,
2026-08-06,BANKNIFTY,58063.65,,,,,2026-08-25,0.767,False,
2026-08-05,NIFTY,24624.65,2026-08-11,0.569,True,24500,2026-08-25,1.116,False,
2026-08-05,BANKNIFTY,57739.95,,,,,2026-08-25,0.762,False,
2026-08-04,NIFTY,24614.9,2026-08-04,0.83,False,,2026-08-25,1.107,False,
2026-08-04,BANKNIFTY,57907.2,,,,,2026-08-25,0.669,True,57500
2026-08-03,NIFTY,24774.3,2026-08-04,0.645,True,25300,2026-08-25,1.087,False,
2026-08-03,BANKNIFTY,58247.95,,,,,2026-08-25,0.701,False,
2026-07-31,NIFTY,24383.6,2026-08-04,0.972,False,,2026-08-25,1.134,False,
2026-07-31,BANKNIFTY,57264.85,,,,,2026-08-25,0.717,False,
2026-07-30,NIFTY,24317.15,2026-08-04,0.847,False,,2026-08-25,1.106,False,
2026-07-30,BANKNIFTY,57147.5,,,,,2026-08-25,0.874,False,
2026-07-29,NIFTY,24250.2,2026-08-04,0.739,False,,2026-08-25,1.098,False,
2026-07-29,BANKNIFTY,57205.9,,,,,2026-08-25,0.892,False,
2026-07-28,NIFTY,23985.35,2026-07-28,0.795,False,,2026-07-28,0.733,False,
2026-07-28,BANKNIFTY,56755.6,,,,,2026-07-28,0.67,True,54500
2026-07-27,NIFTY,23995.95,2026-07-28,0.997,False,,2026-07-28,1.184,False,
2026-07-27,BANKNIFTY,57087.2,,,,,2026-07-28,0.751,False,
2026-07-24,NIFTY,23767.45,2026-07-28,0.976,False,,2026-07-28,0.869,False,
2026-07-24,BANKNIFTY,56693.5,,,,,2026-07-28,0.934,False,
2026-07-23,NIFTY,23869.6,2026-07-28,0.87,False,,2026-07-28,0.743,False,
2026-07-23,BANKNIFTY,56592.0,,,,,2026-07-28,0.875,False,
2026-07-22,NIFTY,23996.25,2026-07-28,0.919,False,,2026-07-28,0.858,False,
2026-07-22,BANKNIFTY,57126.8,,,,,2026-07-28,0.908,False,
2026-07-21,NIFTY,24187.7,2026-07-21,0.642,True,23700,2026-07-28,1.012,False,
2026-07-21,BANKNIFTY,57835.35,,,,,2026-07-28,0.804,False,
2026-07-20,NIFTY,24238.5,2026-07-21,1.305,False,,2026-07-28,1.162,False,
2026-07-20,BANKNIFTY,57945.0,,,,,2026-07-28,0.798,False,
2026-07-17,NIFTY,24334.3,2026-07-21,1.138,False,,2026-07-28,1.143,False,
2026-07-17,BANKNIFTY,58521.4,,,,,2026-07-28,0.756,False,
2026-07-16,NIFTY,24072.75,2026-07-21,0.706,False,,2026-07-28,1.11,False,
2026-07-16,BANKNIFTY,57582.25,,,,,2026-07-28,0.799,False,
2026-07-15,NIFTY,24078.5,2026-07-21,0.663,True,24000,2026-07-28,1.082,False,
2026-07-15,BANKNIFTY,57757.85,,,,,2026-07-28,0.734,False,
2026-07-14,NIFTY,24052.05,2026-07-14,0.924,False,,2026-07-28,1.053,False,
2026-07-14,BANKNIFTY,57462.3,,,,,2026-07-28,0.87,False,
2026-07-13,NIFTY,24211.0,2026-07-14,1.204,False,,2026-07-28,1.078,False,
2026-07-13,BANKNIFTY,58131.45,,,,,2026-07-28,0.877,False,
2026-07-10,NIFTY,24206.9,2026-07-14,0.929,False,,2026-07-28,1.111,False,
2026-07-10,BANKNIFTY,58045.9,,,,,2026-07-28,0.845,False,
2026-07-09,NIFTY,23962.8,2026-07-14,0.92,False,,2026-07-28,1.096,False,
2026-07-09,BANKNIFTY,57252.45,,,,,2026-07-28,0.857,False,
2026-07-08,NIFTY,23882.05,2026-07-14,0.976,False,,2026-07-28,1.102,False,
2026-07-08,BANKNIFTY,56742.6,,,,,2026-07-28,1.072,False,
2026-07-07,NIFTY,24398.7,2026-07-07,0.864,False,,2026-07-28,1.11,False,
2026-07-07,BANKNIFTY,58200.7,,,,,2026-07-28,0.875,False,
2026-07-06,NIFTY,24430.35,2026-07-07,1.262,False,,2026-07-28,1.11,False,
2026-07-06,BANKNIFTY,58291.5,,,,,2026-07-28,0.751,False,
2026-07-03,NIFTY,24270.85,2026-07-07,0.81,False,,2026-07-28,1.076,False,
2026-07-03,BANKNIFTY,57938.5,,,,,2026-07-28,0.787,False,
2026-07-02,NIFTY,24175.7,2026-07-07,0.94,False,,2026-07-28,1.081,False,
2026-07-02,BANKNIFTY,58031.65,,,,,2026-07-28,0.793,False,
2026-07-01,NIFTY,24005.85,2026-07-07,0.994,False,,2026-07-28,1.053,False,
2026-07-01,BANKNIFTY,58033.05,,,,,2026-07-28,0.803,False,
2026-06-30,NIFTY,23865.75,2026-06-30,0.807,False,,2026-06-30,0.742,False,
2026-06-30,BANKNIFTY,57542.9,,,,,2026-06-30,0.921,False,
2026-06-29,NIFTY,23946.25,2026-06-30,0.905,False,,2026-06-30,0.781,False,
2026-06-29,BANKNIFTY,57727.35,,,,,2026-06-30,0.906,False,
2026-06-25,NIFTY,24056.0,2026-06-30,0.822,False,,2026-06-30,1.102,False,
2026-06-25,BANKNIFTY,58177.05,,,,,2026-06-30,0.987,False,
2026-06-24,NIFTY,24021.65,2026-06-30,1.039,False,,2026-06-30,1.117,False,
2026-06-24,BANKNIFTY,58150.35,,,,,2026-06-30,0.941,False,
2026-06-23,NIFTY,23824.1,2026-06-23,0.971,False,,2026-06-30,0.801,False,
2026-06-23,BANKNIFTY,57183.75,,,,,2026-06-30,0.806,False,
2026-06-22,NIFTY,24102.9,2026-06-23,0.858,False,,2026-06-30,0.919,False,
2026-06-22,BANKNIFTY,57935.6,,,,,2026-06-30,0.745,False,
2026-06-19,NIFTY,24013.1,2026-06-23,0.906,False,,2026-06-30,0.898,False,
2026-06-19,BANKNIFTY,57685.75,,,,,2026-06-30,0.797,False,
2026-06-18,NIFTY,24168.0,2026-06-23,0.806,False,,2026-06-30,0.889,False,
2026-06-18,BANKNIFTY,57963.8,,,,,2026-06-30,0.724,False,
2026-06-17,NIFTY,24085.7,2026-06-23,0.807,False,,2026-06-30,0.887,False,
2026-06-17,BANKNIFTY,57585.05,,,,,2026-06-30,0.72,False,
2026-06-16,NIFTY,23989.15,2026-06-16,0.766,False,,2026-06-30,0.874,False,
2026-06-16,BANKNIFTY,57297.15,,,,,2026-06-30,0.659,True,56000
2026-06-15,NIFTY,23853.9,2026-06-16,0.715,False,,2026-06-30,0.929,False,
2026-06-15,BANKNIFTY,57198.8,,,,,2026-06-30,0.736,False,
2026-06-12,NIFTY,23622.9,2026-06-16,1.073,False,,2026-06-30,1.059,False,
2026-06-12,BANKNIFTY,56814.8,,,,,2026-06-30,0.669,True,55500
2026-06-11,NIFTY,23161.6,2026-06-16,0.917,False,,2026-06-30,1.106,False,
2026-06-11,BANKNIFTY,55176.75,,,,,2026-06-30,0.93,False,
2026-06-10,NIFTY,23214.95,2026-06-16,0.957,False,,2026-06-30,1.095,False,
2026-06-10,BANKNIFTY,55100.3,,,,,2026-06-30,0.917,False,
2026-06-09,NIFTY,23242.1,2026-06-09,1.075,False,,2026-06-30,1.086,False,
2026-06-09,BANKNIFTY,55194.5,,,,,2026-06-30,0.918,False,
2026-06-08,NIFTY,23123.0,2026-06-09,0.937,False,,2026-06-30,1.076,False,
2026-06-08,BANKNIFTY,54063.75,,,,,2026-06-30,1.049,False,
2026-06-05,NIFTY,23366.7,2026-06-09,0.939,False,,2026-06-30,1.006,False,
2026-06-05,BANKNIFTY,54496.25,,,,,2026-06-30,0.922,False,
2026-06-04,NIFTY,23416.55,2026-06-09,1.239,False,,2026-06-30,0.996,False,
2026-06-04,BANKNIFTY,54307.85,,,,,2026-06-30,0.9,False,
2026-06-03,NIFTY,23405.6,2026-06-09,1.181,False,,2026-06-30,1.02,False,
2026-06-03,BANKNIFTY,54185.95,,,,,2026-06-30,1.042,False,
2026-06-02,NIFTY,23483.55,2026-06-02,0.922,False,,2026-06-30,1.064,False,
2026-06-02,BANKNIFTY,53714.65,,,,,2026-06-30,1.165,False,
2026-06-01,NIFTY,23382.6,2026-06-02,1.011,False,,2026-06-30,1.118,False,
2026-06-01,BANKNIFTY,53643.1,,,,,2026-06-30,1.228,False,
2026-05-29,NIFTY,23547.75,2026-06-02,1.412,False,,2026-06-30,1.17,False,
2026-05-29,BANKNIFTY,54239.2,,,,,2026-06-30,1.194,False,
2026-05-27,NIFTY,23907.15,2026-06-02,0.937,False,,2026-06-30,1.123,False,
2026-05-27,BANKNIFTY,54853.85,,,,,2026-06-30,0.999,False,
2026-05-26,NIFTY,23913.7,2026-05-26,1.08,False,,2026-05-26,0.846,False,
2026-05-26,BANKNIFTY,55092.9,,,,,2026-05-26,0.836,False,
2026-05-25,NIFTY,24031.7,2026-05-26,1.04,False,,2026-05-26,1.226,False,
2026-05-25,BANKNIFTY,55293.65,,,,,2026-05-26,0.759,False,
2026-05-22,NIFTY,23719.3,2026-05-26,0.99,False,,2026-05-26,1.017,False,
2026-05-22,BANKNIFTY,54055.35,,,,,2026-05-26,0.83,False,
2026-05-21,NIFTY,23654.7,2026-05-26,0.78,False,,2026-05-26,1.052,False,
2026-05-21,BANKNIFTY,53439.4,,,,,2026-05-26,0.85,False,
2026-05-20,NIFTY,23659.0,2026-05-26,1.022,False,,2026-05-26,1.297,False,
2026-05-20,BANKNIFTY,53562.2,,,,,2026-05-26,1.137,False,
2026-05-19,NIFTY,23618.0,2026-05-19,1.078,False,,2026-05-26,1.235,False,
2026-05-19,BANKNIFTY,53409.15,,,,,2026-05-26,1.128,False,
2026-05-18,NIFTY,23649.95,2026-05-19,1.223,False,,2026-05-26,1.22,False,
2026-05-18,BANKNIFTY,53537.0,,,,,2026-05-26,1.252,False,
2026-05-15,NIFTY,23643.5,2026-05-19,1.05,False,,2026-05-26,1.188,False,
2026-05-15,BANKNIFTY,53710.35,,,,,2026-05-26,1.413,False,
2026-05-14,NIFTY,23689.6,2026-05-19,1.131,False,,2026-05-26,1.119,False,
2026-05-14,BANKNIFTY,54128.95,,,,,2026-05-26,1.23,False,
2026-05-13,NIFTY,23412.6,2026-05-19,1.245,False,,2026-05-26,1.072,False,
2026-05-13,BANKNIFTY,53456.15,,,,,2026-05-26,1.305,False,
2026-05-12,NIFTY,23379.55,2026-05-12,0.675,True,22900,2026-05-26,1.065,False,
2026-05-12,BANKNIFTY,53555.2,,,,,2026-05-26,1.361,False,
2026-05-11,NIFTY,23815.85,2026-05-12,0.981,False,,2026-05-26,1.078,False,
2026-05-11,BANKNIFTY,54439.9,,,,,2026-05-26,1.186,False,
2026-05-08,NIFTY,24176.15,2026-05-12,0.825,False,,2026-05-26,1.11,False,
2026-05-08,BANKNIFTY,55310.55,,,,,2026-05-26,0.866,False,
2026-05-07,NIFTY,24326.65,2026-05-12,0.89,False,,2026-05-26,1.06,False,
2026-05-07,BANKNIFTY,56047.4,,,,,2026-05-26,0.885,False,
2026-05-06,NIFTY,24330.95,2026-05-12,0.887,False,,2026-05-26,1.075,False,
2026-05-06,BANKNIFTY,55981.05,,,,,2026-05-26,0.898,False,
2026-05-05,NIFTY,24032.8,2026-05-05,1.327,False,,2026-05-26,1.128,False,
2026-05-05,BANKNIFTY,54547.05,,,,,2026-05-26,1.187,False,
2026-05-04,NIFTY,24119.3,2026-05-05,0.667,True,24100,2026-05-26,1.123,False,
2026-05-04,BANKNIFTY,54878.5,,,,,2026-05-26,1.076,False,
2026-04-30,NIFTY,23997.55,2026-05-05,0.913,False,,2026-05-26,1.118,False,
2026-04-30,BANKNIFTY,54863.35,,,,,2026-05-26,1.146,False,
2026-04-29,NIFTY,24177.65,2026-05-05,0.842,False,,2026-05-26,1.149,False,
2026-04-29,BANKNIFTY,55403.6,,,,,2026-05-26,1.132,False,
2026-04-28,NIFTY,23995.7,2026-04-28,0.754,False,,2026-04-28,0.727,False,
2026-04-28,BANKNIFTY,55400.35,,,,,2026-04-28,0.78,False,
2026-04-27,NIFTY,24092.7,2026-04-28,0.893,False,,2026-04-28,1.054,False,
2026-04-27,BANKNIFTY,56264.3,,,,,2026-04-28,0.781,False,
2026-04-24,NIFTY,23897.95,2026-04-28,0.939,False,,2026-04-28,0.72,False,
2026-04-24,BANKNIFTY,56089.75,,,,,2026-04-28,1.003,False,
2026-04-23,NIFTY,24173.05,2026-04-28,0.853,False,,2026-04-28,0.907,False,
2026-04-23,BANKNIFTY,56305.0,,,,,2026-04-28,0.842,False,
2026-04-22,NIFTY,24378.1,2026-04-28,0.903,False,,2026-04-28,0.879,False,
2026-04-22,BANKNIFTY,57124.45,,,,,2026-04-28,0.85,False,
2026-04-21,NIFTY,24576.6,2026-04-21,0.886,False,,2026-04-28,1.043,False,
2026-04-21,BANKNIFTY,57371.45,,,,,2026-04-28,0.711,False,
2026-04-20,NIFTY,24364.85,2026-04-21,0.819,False,,2026-04-28,0.971,False,
2026-04-20,BANKNIFTY,56582.35,,,,,2026-04-28,0.919,False,
2026-04-17,NIFTY,24353.55,2026-04-21,0.728,False,,2026-04-28,1.016,False,
2026-04-17,BANKNIFTY,56565.7,,,,,2026-04-28,0.854,False,
2026-04-16,NIFTY,24196.75,2026-04-21,0.639,True,24100,2026-04-28,1.015,False,
2026-04-16,BANKNIFTY,56086.4,,,,,2026-04-28,0.866,False,
2026-04-15,NIFTY,24231.3,2026-04-21,0.791,False,,2026-04-28,1.009,False,
2026-04-15,BANKNIFTY,56301.95,,,,,2026-04-28,0.783,False,
2026-04-13,NIFTY,23842.65,2026-04-13,1.287,False,,2026-04-28,1.011,False,
2026-04-13,BANKNIFTY,55605.05,,,,,2026-04-28,0.982,False,
2026-04-10,NIFTY,24050.6,2026-04-13,0.629,True,24000,2026-04-28,0.971,False,
2026-04-10,BANKNIFTY,55912.75,,,,,2026-04-28,0.787,False,
2026-04-09,NIFTY,23775.1,2026-04-13,0.757,False,,2026-04-28,0.907,False,
2026-04-09,BANKNIFTY,54821.7,,,,,2026-04-28,0.749,False,
2026-04-08,NIFTY,23997.35,2026-04-13,0.724,False,,2026-04-28,0.884,False,
2026-04-08,BANKNIFTY,55703.9,,,,,2026-04-28,0.724,False,
2026-04-07,NIFTY,23123.65,2026-04-07,1.192,False,,2026-04-28,1.073,False,
2026-04-07,BANKNIFTY,52716.25,,,,,2026-04-28,0.949,False,
2026-04-06,NIFTY,22968.25,2026-04-07,0.831,False,,2026-04-28,1.091,False,
2026-04-06,BANKNIFTY,52609.1,,,,,2026-04-28,0.93,False,
2026-04-02,NIFTY,22713.1,2026-04-07,0.797,False,,2026-04-28,1.127,False,
2026-04-02,BANKNIFTY,51548.75,,,,,2026-04-28,1.147,False,
2026-04-01,NIFTY,22679.4,2026-04-07,0.829,False,,2026-04-28,1.167,False,
2026-04-01,BANKNIFTY,51448.65,,,,,2026-04-28,1.296,False,
2026-03-30,NIFTY,22331.4,2026-03-30,1.327,False,,2026-03-30,0.845,False,
2026-03-30,BANKNIFTY,50275.35,,,,,2026-03-30,0.87,False,
2026-03-27,NIFTY,22819.6,2026-03-30,1.039,False,,2026-03-30,0.965,False,
2026-03-27,BANKNIFTY,52274.6,,,,,2026-03-30,1.055,False,
2026-03-25,NIFTY,23306.45,2026-03-30,1.075,False,,2026-03-30,1.154,False,
2026-03-25,BANKNIFTY,53708.1,,,,,2026-03-30,1.051,False,
2026-03-24,NIFTY,22912.4,2026-03-24,1.128,False,,2026-03-30,1.124,False,
2026-03-24,BANKNIFTY,52605.65,,,,,2026-03-30,1.287,False,
2026-03-23,NIFTY,22512.65,2026-03-24,1.279,False,,2026-03-30,1.461,False,
2026-03-23,BANKNIFTY,51437.75,,,,,2026-03-30,2.147,True,53500
2026-03-20,NIFTY,23114.5,2026-03-24,1.117,False,,2026-03-30,1.278,False,
2026-03-20,BANKNIFTY,53427.05,,,,,2026-03-30,1.522,False,
2026-03-19,NIFTY,23002.15,2026-03-24,1.292,False,,2026-03-30,1.302,False,
2026-03-19,BANKNIFTY,53451.0,,,,,2026-03-30,1.596,False,
2026-03-18,NIFTY,23777.8,2026-03-24,0.885,False,,2026-03-30,1.11,False,
2026-03-18,BANKNIFTY,55326.05,,,,,2026-03-30,1.059,False,
2026-03-17,NIFTY,23581.15,2026-03-17,0.781,False,,2026-03-30,1.21,False,
2026-03-17,BANKNIFTY,54876.0,,,,,2026-03-30,1.094,False,
2026-03-16,NIFTY,23408.8,2026-03-17,0.937,False,,2026-03-30,1.178,False,
2026-03-16,BANKNIFTY,54413.4,,,,,2026-03-30,1.161,False,
2026-03-13,NIFTY,23151.1,2026-03-17,1.135,False,,2026-03-30,1.383,False,
2026-03-13,BANKNIFTY,53757.85,,,,,2026-03-30,1.586,False,
2026-03-12,NIFTY,23639.15,2026-03-17,1.277,False,,2026-03-30,1.316,False,
2026-03-12,BANKNIFTY,55100.95,,,,,2026-03-30,1.773,False,
2026-03-11,NIFTY,23866.85,2026-03-17,0.978,False,,2026-03-30,1.199,False,
2026-03-11,BANKNIFTY,55735.75,,,,,2026-03-30,1.835,False,
2026-03-10,NIFTY,24261.6,2026-03-10,0.76,False,,2026-03-30,1.216,False,
2026-03-10,BANKNIFTY,56950.8,,,,,2026-03-30,1.225,False,
2026-03-09,NIFTY,24028.05,2026-03-10,1.487,False,,2026-03-30,1.259,False,
2026-03-09,BANKNIFTY,56019.8,,,,,2026-03-30,1.741,False,
2026-03-06,NIFTY,24450.45,2026-03-10,0.853,False,,2026-03-30,1.247,False,
2026-03-06,BANKNIFTY,57783.25,,,,,2026-03-30,1.233,False,
2026-03-05,NIFTY,24765.9,2026-03-10,0.835,False,,2026-03-30,1.147,False,
2026-03-05,BANKNIFTY,59055.85,,,,,2026-03-30,1.116,False,
2026-03-04,NIFTY,24480.5,2026-03-10,1.47,False,,2026-03-30,1.258,False,
2026-03-04,BANKNIFTY,58755.25,,,,,2026-03-30,1.198,False,
2026-03-02,NIFTY,24865.7,2026-03-02,0.868,False,,2026-03-30,1.28,False,
2026-03-02,BANKNIFTY,59839.65,,,,,2026-03-30,1.283,False,
2026-02-27,NIFTY,25178.65,2026-03-02,0.568,True,25200,2026-03-30,1.38,False,
2026-02-27,BANKNIFTY,60529.0,,,,,2026-03-30,1.211,False,
2026-02-26,NIFTY,25496.55,2026-03-02,0.647,True,25100,2026-03-30,1.385,False,
2026-02-26,BANKNIFTY,61187.7,,,,,2026-03-30,1.244,False,
2026-02-25,NIFTY,25482.5,2026-03-02,0.694,True,25500,2026-03-30,1.389,False,
2026-02-25,BANKNIFTY,61043.35,,,,,2026-03-30,1.184,False,
2026-02-24,NIFTY,25424.65,2026-02-24,1.202,False,,2026-02-24,0.776,False,
2026-02-24,BANKNIFTY,61047.3,,,,,2026-02-24,1.182,False,
2026-02-23,NIFTY,25713.0,2026-02-24,0.75,False,,2026-02-24,1.05,False,
2026-02-23,BANKNIFTY,61264.25,,,,,2026-02-24,0.708,False,
2026-02-20,NIFTY,25571.25,2026-02-24,0.754,False,,2026-02-24,0.909,False,
2026-02-20,BANKNIFTY,61172.0,,,,,2026-02-24,0.892,False,
2026-02-19,NIFTY,25454.35,2026-02-24,0.638,True,25500,2026-02-24,0.697,True,28000
2026-02-19,BANKNIFTY,60739.55,,,,,2026-02-24,0.928,False,
2026-02-18,NIFTY,25819.35,2026-02-24,0.998,False,,2026-02-24,1.075,False,
2026-02-18,BANKNIFTY,61550.8,,,,,2026-02-24,0.999,False,
2026-02-17,NIFTY,25725.4,2026-02-17,1.296,False,,2026-02-24,1.006,False,
2026-02-17,BANKNIFTY,61174.0,,,,,2026-02-24,1.027,False,
2026-02-16,NIFTY,25682.75,2026-02-17,0.909,False,,2026-02-24,1.02,False,
2026-02-16,BANKNIFTY,60949.1,,,,,2026-02-24,0.897,False,
2026-02-13,NIFTY,25471.1,2026-02-17,0.608,True,25500,2026-02-24,0.937,False,
2026-02-13,BANKNIFTY,60186.65,,,,,2026-02-24,0.97,False,
2026-02-12,NIFTY,25807.2,2026-02-17,0.615,True,25800,2026-02-24,1.034,False,
2026-02-12,BANKNIFTY,60739.75,,,,,2026-02-24,1.047,False,
2026-02-11,NIFTY,25953.85,2026-02-17,0.717,False,,2026-02-24,1.052,False,
2026-02-11,BANKNIFTY,60745.35,,,,,2026-02-24,1.086,False,
2026-02-10,NIFTY,25935.15,2026-02-10,1.105,False,,2026-02-24,1.073,False,
2026-02-10,BANKNIFTY,60626.4,,,,,2026-02-24,0.983,False,
2026-02-09,NIFTY,25867.3,2026-02-10,0.805,False,,2026-02-24,1.068,False,
2026-02-09,BANKNIFTY,60669.35,,,,,2026-02-24,0.979,False,
2026-02-06,NIFTY,25693.7,2026-02-10,0.784,False,,2026-02-24,1.053,False,
2026-02-06,BANKNIFTY,60120.55,,,,,2026-02-24,0.976,False,
2026-02-05,NIFTY,25642.8,2026-02-10,0.664,True,25600,2026-02-24,1.033,False,
2026-02-05,BANKNIFTY,60063.65,,,,,2026-02-24,1.062,False,
2026-02-04,NIFTY,25776.0,2026-02-10,0.81,False,,2026-02-24,1.067,False,
2026-02-04,BANKNIFTY,60238.15,,,,,2026-02-24,1.106,False,
2026-02-03,NIFTY,25727.55,2026-02-03,0.878,False,,2026-02-24,1.075,False,
2026-02-03,BANKNIFTY,60041.3,,,,,2026-02-24,1.025,False,
2026-02-02,NIFTY,25088.4,2026-02-03,0.681,True,25100,2026-02-24,0.98,False,
2026-02-02,BANKNIFTY,58619.0,,,,,2026-02-24,1.131,False,
2026-01-30,NIFTY,25320.65,2026-02-03,0.886,False,,2026-02-24,1.074,False,
2026-01-30,BANKNIFTY,59610.45,,,,,2026-02-24,1.238,False,
2026-01-29,NIFTY,25418.9,2026-02-03,0.988,False,,2026-02-24,1.075,False,
2026-01-29,BANKNIFTY,59957.85,,,,,2026-02-24,1.196,False,
2026-01-28,NIFTY,25342.75,2026-02-03,0.849,False,,2026-02-24,1.069,False,
2026-01-28,BANKNIFTY,59598.8,,,,,2026-02-24,1.196,False,
2026-01-27,NIFTY,25175.4,2026-01-27,0.736,False,,2026-01-27,1.083,False,
2026-01-27,BANKNIFTY,59205.45,,,,,2026-01-27,0.893,False,
2026-01-23,NIFTY,25048.65,2026-01-27,0.914,False,,2026-01-27,0.741,False,
2026-01-23,BANKNIFTY,58473.1,,,,,2026-01-27,0.809,False,
2026-01-22,NIFTY,25289.9,2026-01-27,0.932,False,,2026-01-27,0.885,False,
2026-01-22,BANKNIFTY,59200.1,,,,,2026-01-27,0.851,False,
2026-01-21,NIFTY,25157.5,2026-01-27,0.962,False,,2026-01-27,0.815,False,
2026-01-21,BANKNIFTY,58800.3,,,,,2026-01-27,0.81,False,
2026-01-20,NIFTY,25232.5,2026-01-20,1.197,False,,2026-01-27,0.642,True,27500
2026-01-20,BANKNIFTY,59404.2,,,,,2026-01-27,0.889,False,
2026-01-19,NIFTY,25585.5,2026-01-20,0.705,False,,2026-01-27,0.735,False,
2026-01-19,BANKNIFTY,59891.35,,,,,2026-01-27,0.919,False,
2026-09-28,NIFTY,22780.25,2026-09-29,0.785,False,,2026-09-29,0.697,True,20500
2026-09-28,BANKNIFTY,54471.65,,,,,2026-09-29,0.945,False,
2026-09-29,NIFTY,22716.2,2026-09-29,1.193,False,,2026-09-29,0.905,False,
2026-09-29,BANKNIFTY,54259.95,,,,,2026-09-29,1.067,False,
2026-09-30,NIFTY,22620.45,2026-10-06,0.824,False,,2026-10-27,1.037,False,
2026-09-30,BANKNIFTY,54633.05,,,,,2026-10-27,1.055,False,
2026-10-01,NIFTY,22421.95,2026-10-06,1.061,False,,2026-10-27,0.991,False,
2026-10-01,BANKNIFTY,54450.75,,,,,2026-10-27,1.068,False,
2026-10-05,NIFTY,22555.75,2026-10-06,0.721,False,,2026-10-27,1.005,False,
2026-10-05,BANKNIFTY,54714.1,,,,,2026-10-27,1.116,False,
